{"gb_test_accuracy": 0.8183348924228251, "gb_cv_accuracy": 0.8168855553626144}